{
  "gc_p25": 0.3863410983253812,
  "gc_p50": 0.4894455389811427,
  "gc_p75": 0.5287811698904684,
  "len_p25": 9712,
  "len_p50": 53667,
  "len_p75": 115543,
  "amr_density_p50": 0.0,
  "amr_density_p75": 0.05086901229334464,
  "amr_density_p95": 0.22381378692927484,
  "re_density_natural_p50": 3.0,
  "re_density_natural_p95": 6.0,
  "re_density_engineered_threshold": 8.0
}